{
    "epoch": [
        1,
        2,
        3,
        4,
        5,
        6,
        7,
        8,
        9,
        10,
        11,
        12,
        13,
        14,
        15,
        16,
        17,
        18,
        19,
        20,
        21,
        22,
        23,
        24,
        25,
        26,
        27,
        28,
        29,
        30
    ],
    "train_total_loss": [
        5.15082471370697,
        4.592587038448879,
        3.933999357904707,
        3.514308980533055,
        3.126264701570783,
        3.0205453225544523,
        2.972396980013166,
        2.6816218529428753,
        2.5216467244284493,
        2.567721358367375,
        2.3717179145131793,
        2.2838408589363097,
        2.0998439311981203,
        2.152907339164189,
        1.939818914447512,
        1.9894582765442985,
        1.935302323954446,
        1.863157832622528,
        1.8907717551503862,
        1.7975858432906016,
        1.7615826155458179,
        1.7425102497850145,
        1.738133841753006,
        1.532563784292766,
        1.701258772611618,
        1.739444580248424,
        1.6230919420719148,
        1.8193829008511135,
        1.6175490958350045,
        1.6910062594073159
    ],
    "train_hiding_psnr": [
        37.40127944946289,
        34.410980224609375,
        35.52410125732422,
        35.112369537353516,
        34.27193832397461,
        34.77326965332031,
        34.33012390136719,
        34.601844787597656,
        34.50555419921875,
        34.908966064453125,
        34.93831253051758,
        34.99458312988281,
        35.42576217651367,
        34.873592376708984,
        35.240447998046875,
        35.29157257080078,
        34.98789978027344,
        34.99802780151367,
        34.84821319580078,
        35.37310028076172,
        35.433868408203125,
        35.513099670410156,
        35.191856384277344,
        35.42790985107422,
        36.36215591430664,
        35.64806365966797,
        36.033443450927734,
        35.18193817138672,
        35.19086456298828,
        35.60273361206055
    ],
    "train_recovery_psnr": [
        16.080398559570312,
        10.003962516784668,
        14.380049705505371,
        13.478090286254883,
        15.643444061279297,
        14.757190704345703,
        16.80820655822754,
        18.141096115112305,
        16.091659545898438,
        17.687358856201172,
        19.717073440551758,
        19.179014205932617,
        15.853660583496094,
        17.305810928344727,
        22.793312072753906,
        18.876644134521484,
        18.87739372253418,
        21.778738021850586,
        21.59081268310547,
        23.14208984375,
        23.0666561126709,
        23.958240509033203,
        20.61275291442871,
        21.63433837890625,
        19.031272888183594,
        23.2786922454834,
        20.070697784423828,
        16.690841674804688,
        20.99303436279297,
        18.168827056884766
    ],
    "train_hiding_ssim": [
        0.8765010237693787,
        0.9265023469924927,
        0.8454248905181885,
        0.8231550455093384,
        0.7798219919204712,
        0.9134759902954102,
        0.9074715971946716,
        0.8500464558601379,
        0.88869708776474,
        0.8165112733840942,
        0.8495217561721802,
        0.9059063792228699,
        0.8671087026596069,
        0.8747000098228455,
        0.8452754616737366,
        0.8454000949859619,
        0.9009302854537964,
        0.8820393681526184,
        0.8010403513908386,
        0.8423826098442078,
        0.8339110612869263,
        0.8131466507911682,
        0.8693506717681885,
        0.8645437955856323,
        0.8759903311729431,
        0.8684354424476624,
        0.8537373542785645,
        0.806160569190979,
        0.8617324233055115,
        0.8050916790962219
    ],
    "train_recovery_ssim": [
        0.53709477186203,
        0.21486470103263855,
        0.45436200499534607,
        0.3066278398036957,
        0.40021005272865295,
        0.42081061005592346,
        0.6669524908065796,
        0.5911456346511841,
        0.3918440341949463,
        0.6122168302536011,
        0.5857164859771729,
        0.6937295198440552,
        0.6089522838592529,
        0.6502453684806824,
        0.7946730852127075,
        0.6281107068061829,
        0.6270734071731567,
        0.7123337388038635,
        0.7937076687812805,
        0.8298222422599792,
        0.7272406220436096,
        0.8656097054481506,
        0.7774964570999146,
        0.8177111148834229,
        0.7633303999900818,
        0.7428954839706421,
        0.7737147808074951,
        0.6094929575920105,
        0.7302410006523132,
        0.757514238357544
    ],
    "train_hiding_mse": [
        0.0007276663673110306,
        0.0014486444415524602,
        0.0011211136588826776,
        0.0012326022842898965,
        0.0014957740204408765,
        0.00133270223159343,
        0.0014758686302229762,
        0.0013863585190847516,
        0.001417440245859325,
        0.0012917061103507876,
        0.0012830065097659826,
        0.001266490202397108,
        0.0011467898730188608,
        0.0013022684725001454,
        0.001196781755425036,
        0.001182776759378612,
        0.0012684403918683529,
        0.0012654858874157071,
        0.001309901592321694,
        0.0011607811320573092,
        0.0011446509743109345,
        0.0011239590821787715,
        0.0012102482141926885,
        0.0011462225811555982,
        0.0009243667591363192,
        0.0010895658051595092,
        0.0009970470564439893,
        0.0012130154063925147,
        0.0012105244677513838,
        0.0011009990703314543
    ],
    "train_recovery_mse": [
        0.09863252937793732,
        0.3996352553367615,
        0.1458999216556549,
        0.1795770674943924,
        0.10907259583473206,
        0.13376452028751373,
        0.08341406285762787,
        0.06136920675635338,
        0.09837708622217178,
        0.06812775135040283,
        0.042692601680755615,
        0.04832351952791214,
        0.10391878336668015,
        0.07438389956951141,
        0.021024657413363457,
        0.05180785059928894,
        0.05179890990257263,
        0.0265574399381876,
        0.02773186005651951,
        0.019402211531996727,
        0.019742140546441078,
        0.016078155487775803,
        0.03473639860749245,
        0.02745530940592289,
        0.04999570548534393,
        0.018801432102918625,
        0.0393541194498539,
        0.08569904416799545,
        0.031824126839637756,
        0.060978569090366364
    ],
    "train_bit_acc": [
        0.5720488879145408,
        0.5769881683142006,
        0.5378584050807823,
        0.5951276506696429,
        0.5970110212053571,
        0.6648904190582483,
        0.6528577739689626,
        0.6601944488732994,
        0.6207217261904762,
        0.7488482209289966,
        0.7239973626169217,
        0.6868423150510204,
        0.5468235145620748,
        0.6236148756377551,
        0.7112970676551871,
        0.6524533641581632,
        0.6112151892006803,
        0.7310882360756803,
        0.7586669921875,
        0.7316828098426871,
        0.632647248352466,
        0.7527237457482994,
        0.7130309643388606,
        0.6970189931441326,
        0.5803671077806123,
        0.6157475685586735,
        0.6966361740008503,
        0.6778464803890306,
        0.6990451942495748,
        0.7749355601615646
    ],